meet,indv,ws,rg,team
WIOLc,,,,
season,http://www.cascadeoc.org/pages/2015-16-wiol-individual-season-standings,http://cascadeoc.org/pages/2015-16-wiol-results,,http://www.cascadeoc.org/pages/2015-16-wiol-team-season-standings
WIOL2,http://cascadeoc.org/pages/individual-wiol-2-north-seatac-park-nov-21-2015,,,http://cascadeoc.org/pages/teams-wiol-2-north-seatac-park-nov-21-2015
WIOL3,,,,
WIOL1,http://cascadeoc.org/pages/individual-wiol-1-magnuson-park-nov-7-2015,http://obasen.orientering.se/winsplits/online/en/default.asp?page=classes&databaseId=39588,http://rg.cascadeoc.org/rg2/#122,http://cascadeoc.org/pages/teams-wiol-1-magnuson-park-nov-7-2015
WIOL6,,,,
WIOL7,,,,
WIOL4,,,,
WIOL5,,,,
